Model,Accuracy,Precision,Recall,F1-Score,ROC-AUC
Logistic Regression,0.7559483801586234,0.6731260647359455,0.6012935134106905,0.6351853712448507,0.8146065737365894
XGBoost,0.7538647667697271,0.6707343181331621,0.595967281719612,0.6311442385173247,0.8118508378324103
Random Forest,0.7501680333378142,0.6729559748427673,0.5699067909454061,0.6171593366979091,0.8050885652001221
